<?xml version="1.0" encoding="utf-8"?>
<class name="bmLabel">
  <property name="tabOrder" type="1" defaultValue="0" editClass="bmInplaceTextEdit" />
  <property name="left" type="3" defaultValue="auto" editClass="bmInplaceTextEdit" />
  <property name="top" type="3" defaultValue="auto" editClass="bmInplaceTextEdit" />
  <property name="right" type="3" defaultValue="auto" editClass="bmInplaceTextEdit" />
  <property name="bottom" type="3" defaultValue="auto" editClass="bmInplaceTextEdit" />
  <property name="width" type="3" defaultValue="auto" editClass="bmInplaceTextEdit" />
  <property name="height" type="3" defaultValue="auto" editClass="bmInplaceTextEdit" />
  <property name="position" type="3" defaultValue="absolute" editClass="bmInplaceLookupEdit" />
  <property name="visible" type="4" defaultValue="true" editClass="bmInplaceCheckBoxEdit" />
  <property name="menuItems" type="6" defaultValue="true" editClass="bmInplaceCollectionEdit" />
  <property name="orientation" type="1" defaultValue="2" editClass="bmInplaceLookupEdit" />
  <property name="onCustomDrawItemCaption" type="3" defaultValue="" editClass="bmInplaceTextEdit" />
  <property name="onGetMenuItemStyle" type="3" defaultValue="" editClass="bmInplaceTextEdit" />
  <property name="onItemClick" type="3" defaultValue="" editClass="bmInplaceTextEdit" />
</class>
