<?xml version="1.0" encoding="utf-8"?>
<class name="bmTextEdit">
  <property name="tabOrder" type="1" defaultValue="0" editClass="bmInplaceTextEdit" />
  <property name="left" type="3" defaultValue="auto" editClass="bmInplaceTextEdit" />
  <property name="top" type="3" defaultValue="auto" editClass="bmInplaceTextEdit" />
  <property name="right" type="3" defaultValue="auto" editClass="bmInplaceTextEdit" />
  <property name="bottom" type="3" defaultValue="auto" editClass="bmInplaceTextEdit" />
  <property name="width" type="3" defaultValue="auto" editClass="bmInplaceTextEdit" />
  <property name="height" type="3" defaultValue="auto" editClass="bmInplaceTextEdit" />
  <property name="position" type="3" defaultValue="absolute" editClass="bmInplaceLookupEdit" />
  <property name="visible" type="4" defaultValue="true" editClass="bmInplaceCheckBoxEdit" />
  <property name="childrenOverflow" type="3" defaultValue="visible" editClass="bmInplaceLookupEdit" />
  <property name="value" type="3" defaultValue="" editClass="bmInplaceTextEdit" />
  <property name="readOnly" type="4" defaultValue="0" editClass="bmInplaceCheckBoxEdit" />
  <property name="passwordChar" type="3" defaultValue="" editClass="bmInplaceTextEdit" />
</class>
